safetyreportid,serious,patient_sex,patient_age,drug_name,adverse_reaction
21803135,0,Male,59.0,RINVOQ,Intentional product misuse
21803137,0,Female,59.0,ANTICOAGULANT SODIUM CITRATE,Paraesthesia
21803140,0,Female,56.0,ANTICOAGULANT SODIUM CITRATE,Dysgeusia
21803160,0,Male,44.0,ANTICOAGULANT SODIUM CITRATE,Paraesthesia
21803163,0,Female,90.0,REPATHA,Wrong technique in product usage process
21803168,0,Female,59.0,PROLIA,Pain
21803173,0,Female,59.0,DUPIXENT,Fatigue
21803174,0,Male,34.0,DUPIXENT,Inappropriate schedule of product administration
21803187,0,Female,59.0,TRULICITY,Drug ineffective
21803188,0,Female,59.0,HUMIRA,Memory impairment
21803190,1,Female,72.0,ORENCIA,Influenza
21803198,0,Male,68.0,LANTUS SOLOSTAR,Visual impairment
21803199,0,Male,59.0,RINVOQ,Feeling abnormal
21803203,0,Male,73.0,LAGEVRIO,Accidental underdose
21803206,0,Female,59.0,HUMIRA,Oil acne
21803212,0,Female,82.0,ENBREL,Condition aggravated
21803213,0,Male,59.0,HUMIRA,Abdominal pain upper
21803222,0,Female,51.0,HUMIRA,Pruritus
21803223,1,Female,74.0,REVLIMID,Nasal injury
21803224,0,Female,59.0,HUMIRA,Platelet count increased
21803225,1,Female,35.0,ENBREL,Drug dependence
21803226,0,Female,16.0,HUMIRA,Haemorrhage
21803230,0,Female,59.0,HUMIRA,Arthralgia
21803234,0,Female,42.0,HUMIRA,Road traffic accident
21803235,1,Female,59.0,INVOKAMET,Death
21803237,0,Male,59.0,STELARA,Product dose omission issue
21803238,0,Female,48.0,REMICADE,Adverse reaction
21803240,1,Female,65.0,ELIQUIS,Death
21803244,0,Female,62.0,OLUMIANT,Fungal infection
21803249,1,Male,59.0,VENCLEXTA,Cardiac disorder
21803252,0,Female,59.0,HUMIRA,Therapeutic product effect incomplete
21803257,1,Female,59.0,RINVOQ,Surgery
21803259,0,Female,58.0,HUMIRA,Injection site papule
21803261,1,Male,75.0,REVLIMID,Adverse event
21803266,0,Male,59.0,HUMIRA,Weight decreased
21803272,1,Male,74.0,REVLIMID,Death
21803273,0,Male,59.0,HUMIRA,Arthritis
21803274,0,Female,59.0,HUMIRA,Fatigue
21803275,0,Male,59.0,IMBRUVICA,Cough
21803278,1,Male,59.0,VENCLEXTA,Pyrexia
21803279,1,Male,56.0,POMALYST,Clostridium difficile infection
21803281,0,Male,59.0,HUMIRA,Crohn^s disease
21803287,1,Female,59.0,VENCLEXTA,Drug hypersensitivity
21803289,1,Male,67.0,ZYTIGA,Death
21803290,1,Male,59.0,HUMIRA,Skin cancer
21803291,0,Female,59.0,HUMIRA,Influenza
21803292,0,Female,45.0,HUMIRA,COVID-19
21803293,1,Female,59.0,HUMIRA,Myocardial infarction
21803295,1,Male,23.0,RINVOQ,Eye operation
21803303,0,Male,59.0,IMBRUVICA,Drooling
21803310,1,Male,82.0,IMBRUVICA,Death
21803311,0,Male,59.0,SKYRIZI,Unevaluable event
21803313,1,Female,61.0,HUMIRA,Pulmonary fibrosis
21803321,0,Female,59.0,IMBRUVICA,Rash
21803325,1,Male,59.0,VENCLEXTA,Hospitalisation
21803326,1,Male,59.0,VENCLEXTA,Food poisoning
21803330,0,Female,59.0,ELIQUIS,Sinusitis
21803332,1,Male,59.0,IMBRUVICA,Hospitalisation
21803333,1,Female,59.0,HUMIRA,Hospitalisation
21803334,0,Female,59.0,MAVYRET,Blood pressure increased
21803338,0,Male,59.0,HUMIRA,Therapeutic response shortened
21803340,0,Female,61.0,HUMIRA,Injection site rash
21803341,0,,59.0,SKYRIZI,Pruritus
21803342,0,Female,63.0,HUMIRA,Pruritus
21803343,0,Female,59.0,HUMIRA,Abdominal pain
21803348,1,Male,80.0,ELIGARD,Heart rate irregular
21803356,0,Female,59.0,VENCLEXTA,Malaise
21803360,1,Female,59.0,HUMIRA,Illness
21803361,1,,59.0,HUMIRA,Shoulder operation
21803363,1,Female,71.0,HUMIRA,Limb operation
21803367,0,Male,59.0,IMBRUVICA,Hypertension
21803368,0,Female,56.0,HUMIRA,Pain in extremity
21803369,1,,59.0,HUMIRA,Death
21803372,1,,59.0,SIMPONI,Hospitalisation
21803374,1,Female,59.0,VENCLEXTA,Hospitalisation
21803375,1,Female,66.0,KISQALI,Death
21803377,1,Female,73.0,PIQRAY,Death
21803383,0,Female,59.0,HUMIRA,Maternal exposure during pregnancy
21803394,1,Female,59.0,HUMIRA,Plasma cell myeloma
21803400,1,Female,57.0,HUMIRA,Loss of consciousness
21803401,1,Female,59.0,HUMIRA,Nephrolithiasis
21803405,1,Female,47.0,SKYRIZI,Myocardial infarction
21803408,1,Male,59.0,HEMLIBRA,Gastric haemorrhage
21803413,0,Female,59.0,SKYRIZI,Hypersensitivity
21803416,0,Male,59.0,IMBRUVICA,Extra dose administered
21803426,0,,59.0,IMBRUVICA,Atrial fibrillation
21803427,1,Male,59.0,RINVOQ,Hospitalisation
21803429,0,Female,59.0,HUMIRA,COVID-19
21803434,0,Female,0.0,SYNAGIS,Nasal congestion
21803439,0,Male,62.0,IMBRUVICA,Palpitations
21803441,0,Female,59.0,PENICILLIN,Rash
21803443,0,Female,59.0,VENCLEXTA,Abdominal pain
21803445,0,Male,63.0,IMBRUVICA,Erythema
21803446,1,Male,76.0,IMBRUVICA,Gallbladder operation
21803448,0,Female,59.0,HUMIRA,Malaise
21803454,0,Male,59.0,IMBRUVICA,Skin haemorrhage
21803456,1,Female,59.0,PROLIA,Bone cancer metastatic
21803457,0,Female,59.0,REPATHA,COVID-19
21803458,0,Male,40.0,ZEPOSIA,No adverse event
21803459,1,Female,59.0,SIMPONI,Pneumonia
21803461,1,Male,61.0,IMBRUVICA,Prostate cancer
21803466,0,Female,59.0,HUMIRA,Memory impairment
21803467,1,Male,51.0,LENALIDOMIDE,Death
21803470,1,Female,59.0,OPSUMIT,Pneumonia
21803472,0,Female,87.0,PROLIA,COVID-19
21803473,0,,59.0,OTEZLA,Drug ineffective
21803477,0,Female,59.0,SOLIQUA 100/33,Accidental exposure to product
21803478,0,,59.0,ENJAYMO,Drug ineffective
21803488,0,Male,59.0,HUMIRA,Nasopharyngitis
21803495,0,Female,59.0,HUMIRA,Drug ineffective
21803496,0,Female,59.0,HUMIRA,Sinusitis
21803498,0,Female,59.0,HUMIRA,Malaise
21803502,0,,59.0,HUMIRA,Impaired healing
21803505,0,Female,59.0,TRILEPTAL,Mental disorder
21803506,0,Female,59.0,HUMIRA,Injection site pain
21803509,1,Female,59.0,HUMIRA,Blood pressure increased
21803510,0,Female,68.0,IMBRUVICA,Upper respiratory tract infection
21803514,0,Male,59.0,SKYRIZI,Skin hypertrophy
21803516,1,,59.0,VENCLEXTA,Hodgkin^s disease
21803519,0,Female,59.0,ATORVASTATIN,Rash
21803524,0,Female,59.0,OTEZLA,Product dose omission issue
21803527,0,Male,59.0,GILENYA,Drug ineffective
21803529,0,Male,59.0,HUMIRA,Headache
21803537,0,Male,59.0,IMBRUVICA,Scab
21803538,0,Female,59.0,HUMIRA,Intentional product misuse
21803539,0,Female,70.0,BREO ELLIPTA,Wrong technique in device usage process
21803541,0,Female,59.0,EMGALITY,COVID-19
21803545,0,Male,59.0,IMBRUVICA,White blood cell count increased
21803551,0,Female,59.0,ENBREL,Adverse event
21803558,0,Female,59.0,HUMIRA,Cystitis
21803559,0,Male,59.0,HUMIRA,Drug ineffective
21803562,1,Female,48.0,ZEPOSIA,Sudden death
21803564,0,Male,59.0,RINVOQ,Peripheral swelling
21803569,0,Female,61.0,HUMIRA,Peripheral swelling
21803573,0,,59.0,LUTATHERA,Laboratory test abnormal
21803575,0,Female,54.0,KEVZARA,Upper respiratory tract infection
21803576,1,Female,59.0,AUBAGIO,Sepsis
21803594,0,Male,75.0,REVLIMID,Gout
21803601,0,Male,59.0,ELIGARD,Intentional product use issue
21803608,0,Male,59.0,HUMIRA,Influenza
21803610,0,Male,59.0,OTEZLA,Product dose omission issue
21803612,1,Female,59.0,HUMIRA,Neoplasm malignant
21803614,0,Male,59.0,STELARA,Application site vesicles
21803621,0,Male,59.0,HUMIRA,Arthralgia
21803627,0,Female,59.0,HUMIRA,Psoriatic arthropathy
21803630,0,Female,59.0,SKYRIZI,Cough
21803631,1,Female,59.0,HUMIRA,Mass
21803632,0,Female,59.0,OCREVUS,COVID-19
21803633,1,Female,59.0,AUBAGIO,Multiple sclerosis relapse
21803634,0,Female,59.0,DUPIXENT,Injection site vesicles
21803635,0,Female,59.0,HUMIRA,Fibromyalgia
21803639,0,Female,51.0,SKYRIZI,Psoriasis
21803643,1,Female,85.0,ELIQUIS,Death
21803646,1,Male,62.0,REPATHA,Diabetes mellitus
21803650,0,Female,59.0,SKYRIZI,Arthralgia
21803652,1,Female,54.0,SKYRIZI,Knee operation
21803657,0,Female,45.0,HUMIRA,Burning sensation
21803658,0,Female,73.0,HUMIRA,COVID-19
21803666,1,,59.0,RINVOQ,Hospitalisation
21803672,1,Male,70.0,ENTECAVIR,Drug ineffective
21803674,1,Male,55.0,ENTECAVIR,Drug ineffective
21803678,0,Female,59.0,SKYRIZI,Psoriasis
21803679,0,Female,59.0,SKYRIZI,Migraine
21803680,0,Female,59.0,HUMIRA,Hidradenitis
21803681,0,,59.0,ZEJULA,Off label use
21803687,0,Female,59.0,HUMIRA,Rash
21803692,0,Female,59.0,HUMIRA,Therapeutic product effect decreased
21803696,1,,59.0,WEGOVY,Surgery
21803697,1,Female,59.0,RYZODEG 70/30,Death
21803698,1,Female,59.0,OZEMPIC,Surgery
21803700,1,Female,59.0,NOVOLOG,Blindness
21803703,1,Female,59.0,NOVOLOG,Gait inability
21803711,0,Female,59.0,HUMIRA,Anal stenosis
21803713,0,Male,59.0,HUMIRA,Pneumonia
21803716,0,Male,59.0,HUMIRA,Intestinal malrotation
21803724,0,Male,59.0,HUMIRA,Stomatitis
21803733,0,Female,21.0,HUMIRA,COVID-19
21803734,0,Female,59.0,HUMIRA,Neck pain
21803735,0,Female,59.0,HUMIRA,Skin disorder
21803736,0,Female,59.0,DUPIXENT,Sinusitis
21803739,0,Female,59.0,HUMIRA,Fatigue
21803747,0,Female,59.0,SKYRIZI,Off label use
21803748,0,Female,59.0,HUMIRA,Bronchitis
21803750,0,Male,59.0,PENICILLIN V POTASSIUM,Drug hypersensitivity
21803751,0,Male,59.0,SKYRIZI,Psoriasis
21803754,0,Male,70.0,ELIQUIS,Treatment noncompliance
21803756,0,Female,46.0,HUMIRA,Stress
21803764,0,Female,59.0,ENTRESTO,Hypotension
21803765,1,Female,59.0,VIGABATRIN,Adverse reaction
21803771,0,Female,59.0,HUMIRA,Upper respiratory tract infection
21803773,1,Female,84.0,CERTOLIZUMAB PEGOL,Death
21803774,0,Female,55.0,HUMIRA,Lip dry
21803775,0,Female,63.0,HUMIRA,Inappropriate schedule of product administration
21803777,1,Female,81.0,VENCLEXTA,Death
21803778,1,Female,76.0,CERTOLIZUMAB PEGOL,Death
21803779,1,Female,85.0,CERTOLIZUMAB PEGOL,Death
21803782,1,Male,59.0,QINLOCK,Hospitalisation
21803783,1,Male,79.0,LANREOTIDE ACETATE,Death
21803788,0,Female,86.0,LANTUS SOLOSTAR,Inappropriate schedule of product administration
21803789,0,Female,59.0,LEMTRADA,Influenza
21803792,0,Male,59.0,SKYRIZI,Sexual dysfunction
21803794,0,Male,59.0,IMBRUVICA,White blood cell count decreased
21803795,0,Male,59.0,QINLOCK,Blood creatinine increased
21803800,0,Male,65.0,LUMAKRAS,Skin reaction
21803804,0,Female,86.0,HUMIRA,Burning sensation
21803805,0,Female,64.0,DUPIXENT,Rash
21803807,0,Female,83.0,LANTUS SOLOSTAR,Accidental exposure to product
21803809,1,Female,59.0,AUBAGIO,Multiple sclerosis relapse
21803810,0,Female,43.0,AUBAGIO,Mobility decreased
21803816,0,Female,59.0,NUPLAZID,Drug ineffective
21803820,1,Female,59.0,OXBRYTA,Death
21803821,1,Female,48.0,SIMPONI,Pneumonia
21803824,0,Female,59.0,NUPLAZID,Rash
21803827,0,Male,59.0,HUMIRA,Illness
21803830,0,Male,59.0,DUPIXENT,Injection site pain
21803831,0,Male,59.0,DUPIXENT,Drug ineffective
21803835,0,Female,59.0,SKYRIZI,Ear infection
21803837,1,Female,59.0,AMBRISENTAN,Adverse event
21803838,0,Male,59.0,HUMIRA,COVID-19
21803841,1,Male,59.0,NUPLAZID,Death
21803842,1,Male,79.0,NUPLAZID,Death
21803846,0,Male,59.0,HUMIRA,Injection site haemorrhage
21803852,0,Male,59.0,HUMIRA,COVID-19
21803853,0,Female,59.0,HUMIRA,Arthralgia
21803855,1,,59.0,DARBEPOETIN ALFA,Femur fracture
21803867,0,Male,72.0,REVLIMID,Diarrhoea
21803868,0,Female,59.0,HUMIRA,Respiratory syncytial virus infection
21803869,0,Female,59.0,KESIMPTA,COVID-19
21803871,0,Female,59.0,SKYRIZI,Memory impairment
21803880,0,Female,59.0,HUMIRA,SARS-CoV-2 test positive
21803881,1,Male,68.0,LUPRON,Death
21803882,0,Male,59.0,HUMIRA,Incorrect dose administered
21803883,0,Female,65.0,TREMFYA,Infection
21803889,0,Male,73.0,HUMIRA,Nasopharyngitis
21803892,0,Female,59.0,ENTRESTO,Cough
21803893,0,Female,59.0,HUMIRA,Kidney infection
21803895,0,Male,59.0,HUMIRA,Pruritus
21803897,0,Male,59.0,HUMIRA,COVID-19
21803901,0,Male,59.0,HUMIRA,Alopecia
21803908,1,Male,59.0,ERLEADA,Upper limb fracture
21803912,0,Female,59.0,TRULICITY,Incorrect dose administered
21803915,0,Female,56.0,DUPIXENT,Accidental exposure to product
21803925,0,,59.0,HUMIRA,Influenza
21803927,0,Male,59.0,VENCLEXTA,Arthritis
21803933,0,,59.0,HUMIRA,Therapeutic product effect decreased
21803934,0,Female,59.0,HUMIRA,Liver disorder
21803940,1,Female,60.0,SIMPONI,Hip arthroplasty
21803950,0,Female,59.0,HUMIRA,Ligament sprain
21803955,0,Female,60.0,ORENCIA,Injection site discolouration
21803958,0,Female,68.0,LENALIDOMIDE,Sinusitis
21803961,0,Female,59.0,HUMIRA,COVID-19
21803963,0,Male,70.0,HUMIRA,Urinary tract infection
21803969,0,Female,59.0,DUPIXENT,Incorrect dose administered
21803973,0,Female,59.0,DUPIXENT,COVID-19
21803977,0,Female,59.0,HUMIRA,Pain
21803978,0,Male,59.0,HUMIRA,Arthralgia
21803986,0,Female,59.0,XARELTO,Nasopharyngitis
21803991,1,Male,59.0,ROZLYTREK,Death
21803998,0,Female,59.0,HUMIRA,Fatigue
21804002,0,Male,59.0,QINLOCK,Influenza
21804004,1,Female,59.0,TYSABRI,Infection
21804006,0,Female,36.0,ORENCIA,Maternal exposure during pregnancy
21804009,1,Female,59.0,IMBRUVICA,Surgery
21804010,1,,59.0,ALECTINIB,Bradycardia
21804013,0,Female,59.0,HUMIRA,Drug ineffective
21804017,1,Female,89.0,HUMIRA,Death
21804019,0,Male,65.0,TRIUMEQ,Product use issue
21804021,1,Female,36.0,VENCLEXTA,Death
21804022,0,Female,59.0,HUMIRA,Dry skin
21804027,1,Female,89.0,ELIQUIS,Death
21804028,0,Male,59.0,HUMIRA,Psoriasis
21804031,0,Male,59.0,DUPIXENT,Drug ineffective
21804038,0,Male,59.0,HUMIRA,Headache
21804042,0,Male,59.0,HUMIRA,Psoriasis
21804046,0,Female,59.0,HUMIRA,Nasopharyngitis
21804047,1,Female,59.0,RINVOQ,Nodule
21804056,0,Female,59.0,BASAGLAR,Infection
21804058,0,Male,59.0,HUMIRA,Diarrhoea
21804061,0,,59.0,PLUVICTO,Ill-defined disorder
21804063,1,Female,59.0,OCREVUS,Death
21804064,0,Female,59.0,HUMIRA,Upper respiratory tract infection
21804072,0,Female,40.0,HUMIRA,COVID-19
21804074,0,Female,72.0,REPATHA,Device difficult to use
21804075,1,Male,59.0,ERIVEDGE,Death
21804078,1,Female,83.0,EVENITY,Myocardial ischaemia
21804080,0,Female,59.0,NICORETTE,Abdominal discomfort
21804081,1,Male,84.0,REVLIMID,Hospitalisation
21804084,1,Female,50.0,SOMATULINE DEPOT,Pain
21804085,0,Male,59.0,TASIGNA,Muscle spasms
21804090,0,Female,46.0,HUMIRA,Influenza
21804095,0,Male,59.0,HUMIRA,Arthralgia
21804097,1,Male,59.0,LEVETIRACETAM,Near death experience
21804101,1,Female,99.0,ELIQUIS,Death
21804102,0,Female,59.0,HUMIRA,Defaecation urgency
21804110,0,Male,72.0,OCREVUS,COVID-19
21804111,0,Female,69.0,SYNJARDY XR,Weight increased
21804117,0,,59.0,ABREVA,Eye discharge
21804120,0,Male,59.0,TRULICITY,Malaise
21804121,0,Male,59.0,HUMIRA,COVID-19
21804123,0,Male,59.0,HUMIRA,Influenza
21804130,0,Female,61.0,HUMIRA,Colitis ulcerative
21804133,0,Female,59.0,TYSABRI,Visual impairment
21804134,0,,59.0,HUMIRA,Illness
21804136,0,Male,59.0,HUMIRA,Sinusitis
